1~14_rank	15~29_rank	30~43_rank	mean_rank	min_rank	max_rank
1.9758539458186102	2.068904593639576	1.9552414605418138	21.97258539458186	6.278563015312132	37.76560659599529
1.0801716432545958	1.1094861133854046	1.077054395237871	4.727993438084525	5.074648400624055	4.870431478262132
2.0	2.0	2.0	22.0	5.0	39.0
